1,: DiasRusso , 155,869 , Tryhard유산2
2,: IGO DOL , 147,901 , Tryhard유산
3,: Alleeh , 141,457 , Tryhard유산
4,: Msclt , 140,020 , Tryhard유산
5,: Blue Mag , 137,121 , Tryhard유산
6,: Piripoca , 136,173 , Tryhard유산
7,: V1d1nh4 , 135,313 , Tryhard유산
8,: ・KABAK・ , 134,999 , Tryhard유산2
9,: AladdinNnNnN , 133,683 , Tryhard유산
10,: Jack Krauser , 132,967 , Tryhard유산
11,: Arthunder II , 132,512 , Tryhard유산
12,: Kureski , 132,325 , Tryhard유산
13,: Paraguaiii , 132,082 , Tryhard유산
14,: Ackeman , 131,723 , Tryhard유산
15,: H3MP sx , 131,559 , Tryhard유산
16,: Vivy Ina , 131,444 , Tryhard유산
17,: G a b e ZerØ , 131,095 , Tryhard유산
18,: Mega る , 130,578 , SPARTACXS
19,: Mystor2 , 130,501 , Tryhard유산
20,: Will Yukiizo , 130,070 , Tryhard유산
21,: Corp Mandrak , 129,829 , Tryhard유산
22,: Orshablaau , 129,675 , Tryhard유산
23,: FAAAAAAAAAST , 129,307 , Tryhard유산
24,: OneNesh , 129,298 , Tryhard유산
25,: GardenQuinta , 129,128 , Tryhard유산
26,: GUIGOR DOL , 129,036 , Tryhard유산
27,: L0rdSupr3m0 , 128,873 , Tryhard유산
28,: Thyffany , 128,865 , Tryhard유산
29,: ▲DPS▲ , 128,320 , Tryhard유산
30,: Rivotilta , 127,552 , Tryhard유산
31,: MajestyCRJ , 127,186 , Tryhard유산
32,: Prier , 126,454 , Tryhard유산
33,: AntiVerme , 126,447 , Tryhard유산
34,: s h i p , 126,442 , Tryhard유산2
35,: araujo2012 , 126,118 , Tryhard유산2
36,: KayocomKY , 125,888 , Tryhard유산
37,: Consciência , 125,759 , Tryhard유산2
38,: Riouds ツ , 125,759 , Tryhard유산
39,: FreakShoT , 125,628 , Tryhard유산2
40,: ⓒⓐⓡⓔⓚⓐ , 125,559 , Tryhard유산2
41,: Lanayaxxx , 125,440 , Tryhard유산2
42,: Iluryh , 125,358 , Tryhard유산
43,: FoxY 牛 , 125,022 , Tryhard유산
44,: angel lulu , 124,494 , Tryhard유산3
45,: Svenxxx , 124,296 , Tryhard유산
46,: iSnowxD , 124,261 , Tryhard유산2
47,: HAKAll , 124,212 , Tryhard유산
48,: Ivanzera , 123,965 , Tryhard유산
49,: AstakeN , 123,803 , Tryhard유산4
50,: JaneBolada , 123,578 , Tryhard유산2
51,: Rachellion , 123,572 , Tryhard유산2
52,: Nebulosa66 , 123,445 , Tryhard유산2
53,: Kamiyya , 123,379 , ⓊⓃⒾⓄⓃ ⓁⒶⓉⒾⓃⒶ
54,: LeGata , 123,240 , Tryhard유산
55,: Carlagarcia , 123,116 , Tryhard유산2
56,: EltooNN , 122,787 , Tryhard유산3
57,: IQgonzza , 122,627 , Tryhard유산2
58,: Corp oDrak , 122,357 , Tryhard유산2
59,: Thauana , 122,202 , Tryhard유산2
60,: HellSiren , 122,193 , Tryhard유산2
61,: Ðiamonds , 122,114 , Tryhard유산2
62,: Akatsuki 羽倉静 , 122,037 , Tryhard유산2
63,: V7NOM , 121,886 ,     Legacy ツ
64,: Tobidanike , 121,674 , Tryhard유산2
65,: rixxi , 121,644 , Tryhard유산2
66,: Leen Habey , 121,626 , Tryhard유산
67,: lKONGROl , 121,451 , Tryhard유산3
68,: Lainzin3 , 121,335 , Tryhard유산
69,: S u s h í , 121,051 , Tryhard유산2
70,: Olavoltz , 120,614 , Tryhard유산2
71,: MedicPack , 120,535 , Tryhard유산2
72,: P4UL41982 , 120,510 , Tryhard유산3
73,: SkuLs 2 , 120,136 , Tryhard유산2
74,: FR ANINHA , 120,105 , Tryhard유산2
75,: Yejii , 120,071 , Tryhard유산2
76,: Matte王 , 119,815 , Tryhard유산2
77,: LanzaP3P3 , 119,777 , Tryhard유산4
78,: chromozinha , 119,753 , Tryhard유산3
79,: G4NDALFA , 119,741 , Tryhard유산3
80,: Jonagunz , 119,620 , Tryhard유산3
81,: Oito Tatata , 119,467 , Tryhard유산2
82,: ERVGOOD , 119,412 , Tryhard유산3
83,: 레드 라인 , 119,353 , NoFarm
84,: Nospheri0 , 119,233 , Tryhard유산2
85,: MaNeZiNhA , 119,215 , Tryhard유산3
86,: Ghost HawK , 119,131 , NoFarm
87,: NandouviskSA , 119,018 , Tryhard유산3
88,: ByNize Alt , 118,836 , Tryhard유산2
89,: Gusta ツ , 118,803 , Tryhard유산3
90,: Lupezoida , 118,758 , Tryhard유산3
91,: grafty , 118,679 , Tryhard유산2
92,: lFrosty , 118,641 , Tryhard유산3
93,: CorreVentos , 118,473 , Tryhard유산2
94,: EpahKebra , 118,469 , Tryhard유산3
95,: MerlinOfCaos , 118,449 , AlcatrAZ II
96,: AyrusxD , 118,276 , Tryhard유산3
97,: Yuuki Mizore , 118,272 , Tryhard유산2
98,: Neitsac , 118,221 , Tryhard유산2
99,: TrovaoBKSA61 , 118,001 , Tryhard유산3
100,: Peesta , 117,905 , Tryhard유산2
101,: Chelese , 117,904 , Tryhard유산4
102,: J0HNS , 117,579 , Tryhard유산2
103,: BrunKaGado , 117,386 , Tryhard유산3
104,: LeMarcz , 116,962 , Tryhard유산4
105,: gigantemente , 116,566 , KingTheFarm
106,: Sunchin , 116,273 ,     Legacy ツ
107,: Ratao22 , 116,186 , Tryhard유산2
108,: NiaRR , 116,135 , SomosIdoloS
109,: ForceSky , 116,105 , Tryhard유산3
110,: Emmanuelly3 , 116,030 ,     Legacy ツ
111,: XiXiTheRat , 115,989 , Tryhard유산2
112,: Diowzin , 115,906 ,     Legacy ツ
113,: Saraiva77 , 115,862 , Tryhard유산4
114,: Dtrx , 115,843 , Planewalker
115,: Xide III , 115,775 , AlcatrAZ II
116,: ILUMIINATTI , 115,641 , Tryhard유산2
117,: Wakasix , 115,306 , Tryhard유산4
118,: No Name 333 , 115,286 , Tryhard유산4
119,: VidroBR , 115,178 , Tryhard유산3
120,: KelvioMT , 115,126 , Tryhard유산3
121,: SAMURAI塩見 , 115,087 , Tryhard유산2
122,: b3rg4 , 115,036 , Tryhard유산4
123,: Traki Baby , 114,727 , Os Lordes A
124,: So Chora , 114,702 , Tryhard유산2
125,: HanGZada , 114,655 , Tryhard유산2
126,: CorpFoca , 114,610 , Tryhard유산3
127,: Sting  , 114,550 , Tryhard유산3
128,: VicGab , 114,505 ,     Legacy ツ
129,: lSunLight , 114,499 , ズ Ronin´S
130,: AnaMarq , 114,472 , AlcatrAZ II
131,: ImArby , 114,326 , Tryhard유산
132,: Zeh Lucas , 114,248 , Planewalker
133,: elyRafael , 114,226 , Spirit Break
134,: Gallezinha , 114,219 , Tryhard유산3
135,: Necallï , 113,844 , Tryhard유산3
136,: Solch4n , 113,797 , Tryhard유산3
137,: Nintinugga , 113,725 , Tryhard유산4
138,: Corp Surfle , 113,720 , Tryhard유산2
139,: Notlav , 113,711 , Tryhard유산3
140,: Fabiulah , 113,667 , Tryhard유산4
141,: fuisaS2 , 113,646 , Tryhard유산3
142,: oumae chan , 113,530 ,     Legacy ツ
143,: ELCanarin , 113,507 , Tryhard유산3
144,: Sp4rkinho , 113,406 , Tryhard유산4
145,: Dees v2 , 113,401 , LegionGold
146,: Exmina , 113,312 , DARKNESS ガ
147,: Fla x Flu , 113,041 , Tryhard유산2
148,: DuskyJr , 113,020 , Tryhard유산3
149,: 4ndra , 112,895 ,     Legacy ツ
150,: Mago Psy , 112,851 ,     Legacy ツ
151,: Willtryx , 112,807 , Tryhard유산3
152,: NCK Power , 112,625 , Tryhard유산3
153,: Doobby , 112,542 , Tryhard유산4
154,: mileidi , 112,508 , NoFarm
155,: Galby Chan , 112,356 , Tryhard유산2
156,: XxAquilesxX , 112,334 , ¤DANGER¤
157,: ・Rafael・ , 112,143 , Tryhard유산3
158,: Brigah , 112,103 , Os Lordes A
159,: Pedroguinhas , 112,096 , DARKNESS ガ
160,: LostⓇ , 112,035 , Tryhard유산3
161,: DeadleSingBr , 112,019 , Tryhard유산3
162,: DarraK , 111,933 , AMAZINGS 
163,: Christye , 111,740 , Tryhard유산2
164,: VNS PLAYSUIT , 111,691 , ¤DANGER¤
165,: WILLZRA7 , 111,615 , Tryhard유산4
166,: Nielith , 111,563 ,     Legacy ツ
167,: Gugahahn , 111,553 , DARKNESS ガ
168,: Poker Arq , 111,482 , Tryhard유산4
169,: Winner Ozz , 111,392 ,     Legacy ツ
170,: Lamp1ão , 111,333 ,     Legacy ツ
171,: Hebertst , 111,173 , Planewalker
172,: 0neHiitt , 111,148 , DARKNESS ガ
173,: BeaHellen , 111,073 , DARKNESS ガ
174,: leonardowzs , 111,044 , SPARTACXS
175,: ×JØHN× , 111,021 , Tryhard유산3
176,: P0TATOKING , 110,961 , Tryhard유산4
177,: YelseWszz , 110,870 , Tryhard유산4
178,: faquibeco20 , 110,824 , Tryhard유산3
179,: NI1CO , 110,755 , Tryhard유산4
180,: YouDontSleep , 110,727 , ¤DANGER¤
181,: KiiTsuki , 110,535 , DARKNESS ガ
182,: Sioupunisher , 110,530 , Tryhard유산3
183,: Darkness217 , 110,492 , DARKNESS ガ
184,: SHINOOBERAA , 110,414 , ¤DANGER¤
185,: ZardnysSC , 110,165 , DARKNESS ガ
186,: cardosomito , 110,133 ,     Legacy ツ
187,: RAGNAFIX , 110,062 , Os Lordes A
188,: Kogahcx , 109,978 , Tryhard유산3
189,: OnbossXxX , 109,825 , Tryhard유산4
190,: edsonJr96 , 109,802 , Planewalker
191,: Tiagãoo , 109,801 , Tryhard유산3
192,: xxxaropin , 109,749 , Tryhard유산3
193,: Luh Saito , 109,665 , Tryhard유산3
194,: klzinAM , 109,514 , ShaÐows 影
195,: x1Schumi , 109,474 , Tryhard유산4
196,: Gusta300 , 109,359 , KAER MORHEN
197,: FadiniG , 109,319 , Tryhard유산4
198,: Evan BR , 109,229 , Tryhard유산4
199,: LefaR00 , 109,083 , KingTheFarm
200,: Chriswapow , 108,963 , KAER MORHEN
201,: wFabrisioz7 , 108,955 , Planewalker
202,: Naie , 108,946 , Tryhard유산4
203,: Nizudk , 108,918 , Planewalker
204,: Lyneek , 108,918 ,     Legacy ツ
205,: zAzulaDragon , 108,873 , Tryhard유산4
206,: Emmahh , 108,832 ,     Legacy ツ
207,: SolocotãoBR , 108,600 , SPARTACXS
208,: iGunS75 , 108,523 , ¤DANGER¤
209,: batataflita , 108,293 , DARKNESS ガ
210,: Lord Dezaum , 108,257 , Os Lordes A
211,: RafaXD , 108,255 ,     Legacy ツ
212,: SoulBiiitch , 108,223 , DARKNESS ガ
213,: Drigoro , 108,175 ,     Legacy ツ
214,: xXFrancesXx , 108,115 ,     Legacy ツ
215,: xMandie , 108,045 , DARKNESS ガ
216,: LadyGuerra , 107,921 , Os Lordes A
217,: SinystBlade , 107,920 , DARKNESS ガ
218,: 7uher , 107,888 , O Kran
219,: YakuzaJ1 , 107,805 , NoFarm
220,: Chaperita , 107,792 , Planewalker
221,: M3nd1g0 , 107,735 , DARKNESS ガ
222,: xAGRESSIVAx , 107,651 , Tryhard유산4
223,: DressI7 , 107,637 , O Kran
224,: Dyabolinda , 107,559 , Planewalker
225,: AOSHIZERA , 107,505 , O Kran
226,: HellsGateI , None , None
227,: BUAH SQ , 107,469 , AlcatrAZ II
228,: Vaulkyrie , 107,326 ,     Legacy ツ
229,: Woox16 , 107,294 , KAER MORHEN
230,: BlindPsy , 107,198 , ¤DANGER¤
231,: VeioNovo , 107,166 , Tryhard유산4
232,: Fudeuぁ , 107,098 , Tryhard유산2
233,: LOBUryuu , 107,049 , DARKNESS ガ
234,: Sir Gomes , 107,010 , ¤DANGER¤
235,: Afega , 106,987 , Os Lordes A
236,: Raidcardiac , 106,945 , ¤DANGER¤
237,: YamaoO , 106,924 , Planewalker
238,: PathyNestle , 106,816 ,     Legacy ツ
239,: jcp22 , 106,798 , DARKNESS ガ
240,: Bautor , 106,788 , Tryhard유산4
241,: Lrdsouz1 , 106,786 , Tryhard유산4
242,: PressãoBaixa , 106,750 , Tryhard유산
243,: BrankaAzeda , 106,712 , Tryhard유산3
244,: kardBy , 106,538 ,     Legacy ツ
245,: Reyell , 106,434 ,     Legacy ツ
246,: Lisa Misty , 106,381 , SPARTAC0S
247,: Joha Scarl , 106,358 , DARKNESS ガ
248,: Eeduardobp , 106,283 , DARKNESS ガ
249,: xXilito , 106,225 , DARKNESS ガ
250,: k3n ta Chato , 106,208 , Tryhard유산4
251,: Madikula , 106,184 , Tryhard유산4
252,: XkodX , 106,171 , Tryhard유산4
253,: VilaMimosa , 106,168 , ¤DANGER¤
254,: Yakthu , 106,158 , ¤DANGER¤
255,: Corp SAMURAI , 106,094 ,     Legacy ツ
256,: SrMatemático , 105,903 , Tryhard유산3
257,: Salariana , 105,882 , Lótus Negra
258,: Vaqueiroo , 105,856 ,     Legacy ツ
259,: EntãoToma , 105,807 ,     Legacy ツ
260,: DragonZombie , 105,751 , KAER MORHEN
261,: ERIKECWB001 , 105,730 , ¤DANGER¤
262,: SLODKlP , 105,714 ,     Legacy ツ
263,: Kryptaly , 105,675 , ズ Ronin´S
264,: Druidakin , 105,669 , Tryhard유산4
265,: 72SantCruz , 105,600 ,     Legacy ツ
266,: strelzinho , 105,515 , ¤DANGER¤
267,: 01washington , 105,488 , Lótus Negra
268,: Alfinho , 105,328 , Tryhard유산3
269,: Ifood Brasil , 105,310 , Tryhard유산4
270,: Figodim , 105,261 , AlcatrAZ II
271,: JheloF , 105,218 , LegionGold
272,: RBstriicK , 105,186 , W AR R I ORS
273,: DWCavaleiro , 105,184 , NoFarm
274,: lczmartins3 , 105,107 , AlcatrAZ II
275,: Meerlynn , 105,054 , Tryhard유산4
276,: striiquer , 105,002 , ¤DANGER¤
277,: KudaCachorra , 104,926 , Os Lordes A
278,: MONST3RGIRL , 104,888 , ズ Ronin´S
279,: reidastheca , 104,695 ,     Legacy ツ
280,: DsNeves , 104,667 , AlcatrAZ II
281,: Von Liszt BR , 104,588 , DARKNESS ガ
282,: Frenezze , 104,518 , ズ Ronin´S
283,: FR Badinho , 104,422 , The Borest
284,: Gusta420 , 104,408 , Os Brothers
285,: Ferocius , 104,367 , FrontL1neRx
286,: zeref2 , 104,243 ,     Legacy ツ
287,: Blodreïna , 104,223 ,     Legacy ツ
288,: Power xD , 104,217 , ⓊⓃⒾⓄⓃ ⓁⒶⓉⒾⓃⒶ
289,: Meerlliiin , 104,192 , DARKNESS ガ
290,: Maki47 , 104,101 , Lótus Negra
291,: Levie BreiL , 104,083 , AlcatrAZ III
292,: lscriptl , 104,044 ,     Legacy ツ
293,: Dahend , 103,945 , KingTheFarm
294,: Moreaux , 103,900 , Tryhard유산4
295,: lukesh0WL , 103,849 , Tryhard유산4
296,: xXDynoXx , 103,840 , Spirit Break
297,: XxRealBahxX , 103,812 , AlcatrAZ II
298,: Fusion xD , 103,779 , ⓊⓃⒾⓄⓃ ⓁⒶⓉⒾⓃⒶ
299,: BIGPIK , 103,764 , ¤DANGER¤
300,: Kand Black , 103,718 ,     Legacy ツ
301,: LifeHeal , 103,694 , Tryhard유산4
302,: MageXD , 103,673 , ¤DANGER¤
303,: Tocareca , 103,636 , O Kran
304,: donisc , 103,558 , Tryhard유산2
305,: PatyPotencia , 103,497 , ズ Ronin´S
306,: Arrow 300 , 103,476 , KAER MORHEN
307,: Blaastter , 103,446 , Os Lordes A
308,: anacl4ra , 103,427 , Planewalker
309,: LFazendeiro , 103,426 , Tryhard유산4
310,: gamer54s , 103,419 , AlcatrAZ II
311,: Baziiingaaa , 103,383 , ズ Ronin´S
312,: AndressaFR , 103,334 , Planewalker
313,: D A N T E S , 103,304 , NoFarm
314,: AllanTreecko , 103,297 , ¤DANGER¤
315,: JoTa v2 , 103,261 , LegionGold
316,: vitoriatroca , 103,261 , ¤DANGER¤
317,: Guilerme Tel , 103,252 , Planewalker
318,: karika , 103,236 , Os Lordes A
319,: volver , 103,122 , LegionGold
320,: Hetteria , 103,085 , ⓊⓃⒾⓄⓃ ⓁⒶⓉⒾⓃⒶ
321,: Padrinha2000 , 103,068 , DARKNESS ガ
322,: ArkthuriuS , 102,911 , Lolóvers
323,: Promesa69 , 102,836 , ¤DANGER¤
324,: Ne0 DarKneSS , 102,826 , O Kran
325,: Srt Play , 102,668 , Tryhard유산4
326,: Ginn san , 102,653 , Tryhard유산4
327,: Nademais , 102,635 , AlcatrAZ II
328,: 0n1zuka , 102,597 , SYNC DATA
329,: Infelzinho , 102,488 , Tryhard유산4
330,: YGNIZ , 102,453 , Lótus Negra
331,: RayG3 , 102,451 , ¤DANGER¤
332,: GRAGOLA , 102,436 , KAER MORHEN
333,: Sarahada , 102,359 , DARKNESS ガ
334,: Marioosz , 102,347 , LegionGold
335,: diegoramon , 102,323 , SPARTACXS
336,: ReisNogueira , 102,293 , DARKNESS ガ
337,: Magebr013 , 102,291 , ⓊⓃⒾⓄⓃ ⓁⒶⓉⒾⓃⒶ
338,: xMiisTycax , 102,247 ,     Legacy ツ
339,: AZ Lendan , 102,207 , DARKNESS ガ
340,: DukeBarte , 102,206 , FrontL1neRx
341,: c0de6 , 102,196 , Spirit Break
342,: StrikeFDayz , None , None
343,: Gerson Alves , 102,192 , ⓊⓃⒾⓄⓃ ⓁⒶⓉⒾⓃⒶ
344,: Zzeeroo , 102,173 , DARKNESS ガ
345,: YuriKibeTv , 102,172 , KingTheFarm
346,: billstagss , 102,157 , Os Lordes A
347,: BruninhaD , 102,155 , FrontL1neRx
348,: Má Fase , 102,126 , ¤DANGER¤
349,: Edhelrann , 102,102 , SPARTACXS
350,: AgiotaPastor , 102,101 , Planewalker
351,: BaouZakegura , 102,088 , DARKNESS ガ
352,: z Abacatin z , 102,024 , ¤DANGER¤
353,: Amarantakill , 101,978 ,     Legacy ツ
354,: TiroDePapel , 101,968 , DARKNESS ガ
355,: AntiCristu , 101,946 , DARKNESS ガ
356,: e o px tá , 101,931 , DARKNESS ガ
357,: DkDiamondine , 101,918 , Os Lordes A
358,: Wumiii , 101,829 , Lolóvers
359,: BLPFERREIRA1 , 101,819 , SPARTACXS
360,: Keirith , 101,743 , None
361,: 70Sair , 101,729 , None
362,: Flasherzikas , 101,711 ,     Legacy ツ
363,: Italo213 , 101,704 ,     Legacy ツ
364,: ThorMalvadão , 101,675 , AlcatrAZ II
365,: AltoTurbo , 101,668 , AlcatrAZ II
366,: Lirojek , 101,592 , None
367,: ChanHS , 101,563 , Os Lordes A
368,: Magedek , 101,561 , ¤DANGER¤
369,: lukesh0w , 101,538 ,     Legacy ツ
370,: Ronanqueiros , 101,436 , DARKNESS ガ
371,: PLraioneles , 101,395 , KAER MORHEN
372,: ЯAKUPRIME , 101,324 ,     Legacy ツ
373,: Avaryss , 101,323 , DARKNESS ガ
374,: GODreHh , 101,317 , KAER MORHEN
375,: XavasKBR , 101,312 , Tryhard유산4
376,: MrRomanov , 101,297 , XavasKBR
377,: Let5Bora , 101,295 , Os Lordes A
378,: Molotv , 101,283 , ¤DANGER¤
379,: Netuno666 , 101,272 , AlcatrAZ II
380,: Gaitera , 101,233 , AlcatrAZ II
381,: Taneda , 101,206 , SPARTACXS
382,: Vermelhô , 101,187 , AlcatrAZ II
383,: ElEzzyuy , 101,171 , ¤DANGER¤
384,: AdmirJ , 101,135 , Mafia LA
385,: Gastamana , 101,133 , The Borest
386,: Finiinha , 101,094 , DARKNESS ガ
387,: Ohayo Baka , 101,091 , Planewalker
388,: DrySasso , 101,080 , O Kran
389,: xTriinity , 101,044 , KAER MORHEN
390,: DiogoBottino , 101,008 , AlcatrAZ II
391,: iDANI3L , 101,007 , O Kran
392,: Cabral87 , 101,007 , Tryhard유산4
393,: DUZ1NNN , 100,948 , AlcatrAZ II
394,: zlda , 100,935 , Tryhard유산3
395,: Zhyw , 100,919 , The Borest
396,: Caarlaldds , 100,879 , ¤DANGER¤
397,: V2FøRaS , 100,696 ,     Legacy ツ
398,: DIELOSS , 100,657 , DARKNESS ガ
399,: Sweet Death , 100,637 , Lótus Negra
400,: None , 100,514 , Sweet Death
401,: Drasmos , 100,473 , KingTheFarm
402,: Duio13 , 100,441 , FrontL1neRx
403,: Pani7 , 100,400 , The Borest
404,: Alienadojr , 100,397 , O Kran
405,: Pulinoo , 100,355 , Tryhard유산4
406,: Bhilll , 100,328 , KAER MORHEN
407,: IDarkArcher , 100,317 , ズ Ronin´S
408,: FourZeR , 100,310 , O Kran
409,: RhzONe , 100,297 , AlcatrAZ II
410,: jeans1t0 , 100,287 , LegionGold
411,: DomKillShot , 100,271 , AlcatrAZ II
412,: ZikAbRabO , 100,233 , Lótus Negra
413,: rotivhhh , 100,218 , Spirit Break
414,: MazeLi OnT , 100,216 , AlcatrAZ II
415,: Rodrigors35 , 100,208 , DARKNESS ガ
416,: Zzandrex , 100,183 , Tryhard유산4
417,: Krauguel , 100,152 , Mafia LA
418,: Gasparsinho , 100,093 , LegionGold
419,: Vorqua , 100,084 , Tryhard유산3
420,: Ajna Søma , 100,075 , Os Lordes A
421,: brUno6ix , 100,053 , LegionGold
422,: IArrowFireI , 99,931 , Mafia LA
423,: IMorrallyI , 99,913 , W AR R I ORS
424,: nanypo , 99,888 , FrontL1neRx
425,: h1sa , 99,882 , Lótus Negra
426,: NyvernDeath , 99,759 ,     Legacy ツ
427,: Xerebebéu , 99,707 , AlcatrAZ II
428,: Perseidas , 99,695 , AlcatrAZ III
429,: LucianoTiger , 99,682 , Tryhard유산3
430,: micheljrr , 99,592 , AlcatrAZ II
431,: Kadark0 , 99,575 , SPARTACXS
432,: Tyhn , 99,488 , Spirit Break
433,: Amaranthis , 99,470 , AlcatrAZ II
434,: Yourizaki , 99,446 , LegionGold
435,: Prooxy ツ , 99,328 , Tryhard유산2
436,: 20Dollar , 99,312 , FrontL1neRx
437,: N3g4 , 99,177 , NoFarm
438,: Shield HLP C , 99,163 , W AR R I ORS
439,: MoneroXML , 99,108 , The Borest
440,: OldWiseMan , 99,106 , AlcatrAZ II
441,: Palmar3s , 99,102 , DARKNESS ガ
442,: HazorB4ack , 99,084 , ¤DANGER¤
443,: caratorto , 99,037 , Lótus Negra
444,: Selena2021 , 98,987 , LegionGold
445,: Bumbleebe , 98,971 , LegionGold
446,: TheFenixU , 98,945 , W AR R I ORS
447,: Yume Saya , 98,935 , KAER MORHEN
448,: Arckzy , 98,802 , O Kran
449,: The ZeroG , 98,752 , KAER MORHEN
450,: Valkry4 , 98,688 , Tryhard유산4
451,: LUKKZE , 98,676 , Mafia LA
452,: iMalu , 98,600 , NoFarm
453,: TwitchCelojs , 98,563 , ズ Ronin´S
454,: ShocKenneS , 98,555 ,     Legacy ツ
455,: Cancelada , 98,422 , AlcatrAZ II
456,: TaldoGordeta , 98,359 , KAER MORHEN
457,: LBRANDAO , 98,329 , DARKNESS ガ
458,: FourZeR2 , 98,307 , O Kran
459,: ViniTepes , 98,215 , O Kran
460,: Luzinha666 , 98,196 , Planewalker
461,: ZuFFi , None , None
462,: LolitaS2 , 98,195 , DARKNESS ガ
463,: RugalLord , 98,153 , FrontL1neRx
464,: Tiia Laiiss2 , 98,088 ,     Legacy ツ
465,: zlattanak , 98,066 , ¤DANGER¤
466,: LAMBEROLA , 98,026 , O Kran
467,: ThalitosX , 98,008 ,     Legacy ツ
468,: é o Vasquez , 98,005 , AlcatrAZ II
469,: ZtB Jaum , 97,976 , None
470,: Aeris1st , 97,900 , None
471,: 웃Kuringaツ , 97,839 , ¤DANGER¤
472,: nhego , 97,753 , ズ Ronin´S
473,: Lucasruan , 97,749 , KAER MORHEN
474,: Samael 竜 , 97,744 , Planewalker
475,: White frosty , 97,741 , Planewalker
476,: PitoErva , 97,735 , DARKNESS ガ
477,: Lowtone , 97,733 , ズ Ronin´S
478,: Dan Mãe , 97,664 , DARKNESS ガ
479,: Trinnii , 97,600 , O Kran
480,: Miley C , 97,514 , AlcatrAZ II
481,: RyanMezari13 , 97,475 , SPARTACXS
482,: Toruky , 97,462 , None
483,: xXSkyyXx , 97,327 , KAER MORHEN
484,: IceBluee , 97,324 , DARKNESS ガ
485,: Lilithyx , 97,292 , ⓊⓃⒾⓄⓃ ⓁⒶⓉⒾⓃⒶ
486,: Implosion , 97,173 , ズ Ronin´S
487,: ASFBRASIL , 97,170 , Tryhard유산4
488,: ThgNeves , 97,158 , FrontL1neRx
489,: DiiaazG3 , 97,152 , W AR R I ORS
490,: iLLuminaTTi4 , 97,126 , Spirit Break
491,: emersonSals4 , 97,107 , The Borest
492,: Deliicinha69 , 97,062 , SPARTACXS
493,: MammaKi , 97,045 , FrontL1neRx
494,: Ghostrîck , 97,036 , ¤DANGER¤
495,: NegaAaAaA , 97,030 , KAER MORHEN
496,: Nøhyia , 97,000 , NoFarm
497,: Prisonblack , 96,918 , Spirit Break
498,: Fedalrustwo , 96,912 , SPARTACXS
499,: Dandë , 96,857 , ¤DANGER¤
500,: Yutakata , 96,819 , LegionGold
501,: IamJeess , 96,743 , Spirit Break
502,: Masquetto , 96,736 , Planewalker
503,: Josie Maran , 96,714 , ¤DANGER¤
504,: Aerye , 96,706 , Os Lordes A
505,: Fuukie , 96,669 , Right Way亀
506,: LEØ1986 , 96,633 , Os Lordes A
507,: Morane , 96,554 ,     Legacy ツ
508,: TRK82 , 96,544 , ズ Ronin´S
509,: IBeThoz0r , 96,521 , ¤DANGER¤
510,: elpandiitaxd , 96,450 , LegionGold
511,: Liana s2 , 96,398 , ¤DANGER¤
512,: ThammyHauch , 96,363 , ¤DANGER¤
513,: 0oZy , 96,356 , AlcatrAZ II
514,: Barbiiee , 96,350 , Tryhard유산4
515,: lEroSennin2l , 96,232 , AlcatrAZ II
516,: Navog , 96,188 , The Borest
517,: Riyuuiva , 96,175 , ¤DANGER¤
518,: RONALD BR , 96,166 , Planewalker
519,: Yumeria , 96,154 , KAER MORHEN
520,: Pingolss , 95,978 , ズ Ronin´S
521,: Amarílys , 95,962 , AlcatrAZ II
522,: edibow , 95,953 , Planewalker
523,: wArCaZz , None , None
524,: King Dawid , 95,907 , W AR R I ORS
525,: misterzada3 , 95,874 , None
526,: Malu X , 95,863 , None
527,: Leuks , 95,761 , ¤DANGER¤
528,: NELSON XXV , 95,730 , Amongita
529,: TonhaMilf , 95,693 , W AR R I ORS
530,: prallx , 95,621 , None
531,: MgDiogoPk , 95,558 , Os Lordes B
532,: Maiosh1nha , 95,554 , ズ Ronin´S
533,: WindWicked , 95,527 , ¤DANGER¤
534,: WOTTANK , 95,391 , LegionGold
535,: Ilovecraft , 95,351 , AlcatrAZ II
536,: Bast20 , 95,331 , LegionGold
537,: Moleca , 95,314 , ⓊⓃⒾⓄⓃ ⓁⒶⓉⒾⓃⒶ
538,: Mulamm , 95,294 , FrontL1neRx
539,: Cps Legend , 95,294 , ¤DANGER¤
540,: GaBr1eLrN , 95,293 , LegionGold
541,: minhanoiva , 95,276 , FrontL1neRx
542,: ジAlerquinAジ , 95,248 , AlcatrAZ II
543,: AndressaL , 95,236 , ズ Ronin´S
544,: SheIsEgirl , 95,225 , KAER MORHEN
545,: OS Rafaanmb , 95,198 , Planewalker
546,: BubbalooDark , 95,172 , LegionGold
547,: Kuhnzin , 95,160 , BubbalooDark
548,: Wistem , 95,109 , ズ Ronin´S
549,: Lady Of Lake , 95,082 , Mafia LA
550,: m155oi , 95,048 , NoFarm
551,: lileterna , 95,000 , AlcatrAZ II
552,: germary , 94,988 , ¤DANGER¤
553,: ZARBINHO , 94,948 , LegionGold
554,: Xilocaiina , 94,908 , The Borest
555,: Mensal40 , 94,858 , ¤DANGER¤
556,: Clarke BR , 94,842 , ¤DANGER¤
557,: Apz Xileiro , 94,839 , NoFarm
558,: maestro013 , 94,785 , AlcatrAZ II
559,: lawkx , 94,783 , Planewalker
560,: MayconGui3 , 94,729 , KingTheFarm
561,: WenndySZ , 94,643 , Lótus Negra
562,: e q x , 94,640 , ズ Ronin´S
563,: Kganya , 94,614 , SPARTACXS
564,: Mushuha , 94,607 , O Kran
565,: Abhadon , 94,517 , Spirit Break
566,: Neocoeocara , 94,516 , ズ Ronin´S
567,: lilredpp , 94,500 , Lótus Negra
568,: サンジョウノ・春姫 , 94,457 , Planewalker
569,: Infrith , 94,426 , Tokkyo Manji
570,: Kira 強 , 94,408 , The Borest
571,: iNfIRE1 , 94,393 , FrontL1neRx
572,: EliasZlsp , 94,341 , Lótus Negra
573,: CABREIRA 3 , 94,292 , O Kran
574,: Lord Yashiro , 94,275 , ズ Ronin´S
575,: Wirz , 94,264 , The Borest
576,: Micarely BR , 94,260 , AlcatrAZ II
577,: Samyeko , 94,243 , FrontL1neRx
578,: LaMaRiAcHi , 94,210 , The Borest
579,: Drakarina , 94,170 , LegionGold
580,: xAIIDENTU , 94,139 , Os Lordes A
581,: BrRyuk1 , 94,122 , SPARTACXS
582,: King Lynk , 94,116 , Os Lordes A
583,: God Kyo , 94,106 , NoFarm
584,: PIUPIUFF , 94,069 , Planewalker
585,: Monstruos4 , 94,065 , Os Lordes A
586,: Pr0 Slayer , 94,062 , W AR R I ORS
587,: None , 94,056 , Pr0 Slayer
588,: Новый , 94,052 , SPARTACXS
589,: TeemoSA , 94,017 , SPARTACXS
590,: Rihannaah , 94,015 , KAER MORHEN
591,: Mayarasz , 94,008 , FrontL1neRx
592,: GeraltBolado , 93,998 , O Kran
593,: SOLANNO , 93,953 , ズ Ronin´S
594,: AnittaMaloka , 93,943 , FrontL1neRx
595,: vovobiz , 93,935 , The Borest
596,: THC Lolly , 93,906 , KAER MORHEN
597,: QueenZita , 93,855 , The Borest
598,: inFamouzz , 93,855 ,     Legacy ツ
599,: JR DOL 주 , 93,851 , FrontL1neRx
600,: Nataka69 , 93,799 , Amongita
601,: yoonKOU , 93,707 , AlcatrAZ II
602,: Møzzi , 93,666 , O Kran
603,: OI SUMIDA RS , 93,663 , DARKNESS ガ
604,: BebeDoMal , 93,625 , ズ Ronin´S
605,: COVEARROZ , 93,621 , NoFarm
606,: Itacarambi , 93,568 , ⓊⓃⒾⓄⓃ ⓁⒶⓉⒾⓃⒶ
607,: iM4ximos , 93,525 , Os Lordes A
608,: ズ Merlins , 93,521 , ズ Ronin´S
609,: SharkWave , 93,516 , DARKNESS ガ
610,: Mihume , 93,509 , Spirit Break
611,: CGiantZ , 93,505 , Amongita
612,: lParcy , 93,480 , KingTheFarm
613,: Lyzie , 93,470 , ¤DANGER¤
614,: oxiz55 , 93,422 , ズ Ronin´S
615,: rldzinn , 93,372 , Os Lordes B
616,: othos , 93,334 , Mafia LA
617,: Scaramuska , 93,329 , KAER MORHEN
618,: Legolas3000 , 93,324 , Lótus Negra
619,: CostanTinee , 93,273 , NoFarm
620,: Blade Fhera , 93,249 , O Kran
621,: MaycowMike , 93,227 , SPARTACXS
622,: DTgamesBR , 93,222 , ¤DANGER¤
623,: AngrynHate , 93,212 , Planewalker
624,: LFMaravilhaB , 93,195 , The Borest
625,: SliderBR , 93,194 , FrontL1neRx
626,: riouds , 93,174 , AlcatrAZ III
627,: W0lfz , 93,170 , ズ Ronin´S
628,: FourZeR3 , 93,163 , W AR R I ORS
629,: gabo333 , 93,109 , Golden Glory
630,: Dodozera , 93,086 , ⓊⓃⒾⓄⓃ ⓁⒶⓉⒾⓃⒶ
631,: Guardiantrem , 93,061 , DARKNESS ガ
632,: SLeoneL , 93,031 , LegionGold
633,: Luttezera , 92,982 , None
634,: JohAmorim , 92,972 , FrontL1neRx
635,: Suicidx , 92,933 , KAER MORHEN
636,: DiabloTaOff , None , None
637,: ByPDR , 92,901 , LegionGold
638,: laxus200 , 92,873 , FrontL1neRx
639,: ДядяЛино , 92,863 , None
640,: Kelddery , 92,859 , None
641,: MIRTALIA , 92,831 , SPARTACXS
642,: Etecétera , 92,828 , SPARTACXS
643,: Sephirothl , 92,821 , SPARTAC0S
644,: LadyKortex , 92,801 , FrontL1neRx
645,: xXRubiXx , 92,787 , Os Lordes A
646,: king0fTheLin , 92,738 , Lótus Negra
647,: IKalu , 92,738 , The Borest
648,: LadyGumdrop , 92,717 , LegionGold
649,: raposaSAPEKA , 92,716 , Os Lordes A
650,: in The Night , 92,707 , ズ Ronin´S
651,: VENNEDICTO , 92,690 , Spirit Break
652,: PayShe , 92,629 , Mafia LA
653,: Kortex007 , 92,613 , None
654,: Sininho123 , 92,607 , Os Lordes A
655,: ColdGheas , 92,548 , Planewalker
656,: newpath , 92,528 , Lolóvers
657,: xxB3LL4xx , 92,516 , O Kran
658,: PiresGuetti , 92,494 , Amongita
659,: MotaroS2 , 92,476 , PiresGuetti
660,: GuiiB2 , 92,472 , KAER MORHEN
661,: Sabrina Fox , 92,410 , AlcatrAZ II
662,: Trinity K1 , 92,397 , Os Lordes A
663,: Maquiavel XL , 92,381 , Os Lordes B
664,: blancavuelve , 92,323 , DARKNESS ガ
665,: Derretido , 92,308 , NoFarm
666,: N0thingAPB , 92,236 , Os Lordes A
667,: CaitlyN GO , 92,183 , Lótus Negra
668,: Akilla Hala , 92,178 , Os Lordes A
669,: Puukka , 92,173 , LegionGold
670,: RainhaSalame , 92,169 , KingTheFarm
671,: Hachel , 92,141 , Right Way亀
672,: tsunade4i20 , 92,104 , Lótus Negra
673,: SP3CK3R , 92,086 , KAER MORHEN
674,: SKYSAM BR , 92,055 , SP3CK3R
675,: jvmanzonii , 92,035 , Right Way亀
676,: REPECTACTION , 92,032 , FrontL1neRx
677,: RaioJax , 92,032 , Tryhard유산4
678,: Avaniel , 92,025 , Mafia LA
679,: SkullCabeção , 91,976 , SPARTACXS
680,: Dezembrode81 , 91,976 , KAER MORHEN
681,: None , 91,908 , Dezembrode81
682,: Oni653 , 91,890 , W AR R I ORS
683,: Blitzschnell , 91,884 , None
684,: Envyk , 91,867 , Os Lordes A
685,: VannaYuna , 91,857 , Lótus Negra
686,: Canseidisso , 91,818 , KAER MORHEN
687,: Garneet , 91,771 , AlcatrAZ II
688,: lollithales , 91,770 , FrontL1neRx
689,: Zemakinha , 91,765 , KAER MORHEN
690,: XxRaÐaxX , 91,751 , LegionGold
691,: DK Slayer , 91,745 , Golden Glory
692,: Hieja , 91,732 , ShaÐows 影
693,: Pammella , 91,727 , Os Lordes B
694,: DarkSiister , 91,711 , W AR R I ORS
695,: Wardun , 91,682 , None
696,: SobsKS , 91,630 , Amongita
697,: Elyasツ , 91,599 , None
698,: damascenogam , 91,589 , NoFarm
699,: Demian Teemo , 91,564 , LegionGold
700,: Skyripa  , 91,563 , SYNC DATA
701,: maori nano , 91,558 , Os Lordes A
702,: Suely4 , 91,558 , ズ Ronin´S
703,: Sute sute , 91,539 , LegionGold
704,: Arhemisa , 91,525 , Lótus Negra
705,: zKamik4ze , None , None
706,: Hayley Mikae , 91,459 , Os Lordes B
707,: ComlurbBR , 91,456 , ¤DANGER¤
708,: Mascavo , 91,456 , FrontL1neRx
709,: Diablete , 91,418 , Right Way亀
710,: LauchitaG , 91,385 , Os Lordes B
711,: jonsss , 91,376 , KAER MORHEN
712,: lM0nster , 91,369 , ズ Ronin´S
713,: BRandrezox , 91,349 , AlcatrAZ II
714,: Beforinho , 91,325 , NoFarm
715,: Zangetsxx , 91,323 , Golden Glory
716,: Degones , 91,313 , AlcatrAZ II
717,: Alluky , 91,291 , None
718,: Gugu Afro , 91,265 , None
719,: Pyke main , 91,222 , None
720,: lKhryss , 91,212 , Lótus Negra
721,: LadyHimura11 , 91,208 , Amongita
722,: ⓀⒹⓊ , 91,204 , ズ Ronin´S
723,: Zé Praça , 91,184 , 我就挖矿
724,: chadv , 91,140 , None
725,: reidoaluguel , 91,138 , Os Lordes A
726,: BommieElf , 91,134 , KAER MORHEN
727,: Itaoketsu , 91,129 , ReadyDiesT ツ
728,: Verart , 91,054 , Itaoketsu
729,: Planets Star , 91,040 , O Kran
730,: PrexecaOVAL , 90,974 , Lótus Negra
731,: s T z , 90,949 , O Kran
732,: Yukinosama , 90,941 , Spirit Break
733,: FKjpzHU , 90,933 , Spirit Break
734,: bl4ckchip , 90,921 , AlcatrAZ II
735,: ﾠLys , 90,909 , Os Lordes B
736,: rooomah25 , 90,844 , Mafia LA
737,: Witch white , 90,829 , FrontL1neRx
738,: Tim Taoist , 90,782 , FrontL1neRx
739,: Mysttik , 90,745 , SPARTACXS
740,: diioshow , 90,738 , ⓊⓃⒾⓄⓃ ⓁⒶⓉⒾⓃⒶ
741,: HenterxX26 , 90,699 , KAER MORHEN
742,: x Belldandy , 90,688 , KAER MORHEN
743,: kvms , 90,653 , Os Lordes B
744,: Linixs , 90,633 , KAER MORHEN
745,: IndiaaX , 90,618 , The Borest
746,: Ywna Rellik , 90,598 , Planewalker
747,: LordKortex , 90,594 , Spirit Break
748,: LeciaM , 90,576 , Os Lordes B
749,: Imperatriz I , 90,524 , O Kran
750,: None , 90,491 , Imperatriz I
751,: farneise , 90,439 , W AR R I ORS
752,: Mavenna , 90,437 , ¤DANGER¤
753,: MagiCraft , 90,429 , Os Brothers
754,: ConnorNS , 90,426 , SPARTACXS
755,: LeoAmbrosio , 90,421 , None
756,: Anaaluh , 90,408 , SYNC DATA
757,: TomaFlesha , 90,393 , LegionGold
758,: m4xzn PvP , 90,386 , AlcatrAZ II
759,: x Devil TR , 90,380 , SPARTACXS
760,: GilShannon , 90,375 , None
761,: PokePro , 90,340 , Spirit Break
762,: G3l4DO , 90,286 , Spirit Break
763,: YôO , 90,282 , W AR R I ORS
764,: Boliviaa21 , 90,278 , W AR R I ORS
765,: Lufezera , 90,257 , SPARTACXS
766,: Zeuglon2 , 90,254 , Os Lordes A
767,: salsifufu1 , 90,246 , The Borest
768,: Shield002 , 90,224 , W AR R I ORS
769,: SwisH2 , 90,217 , Os Lordes A
770,: Kabrunku , 90,195 , ⓊⓃⒾⓄⓃ ⓁⒶⓉⒾⓃⒶ
771,: Lorde KssO , 90,192 , Os Lordes A
772,: Avestrus , 90,180 , Planewalker
773,: PatyVenen0 , 90,180 , W AR R I ORS
774,: Ciriloza , 90,164 , KingTheFarm
775,: EoCaricas , 90,158 , None
776,: BOOWTER , 90,147 , SPARTACXS
777,: XXXSENSACION , 90,138 , AlcatrAZ II
778,: samyusIV , 90,134 , Amongita
779,: matuineta , 90,134 , LegionGold
780,: Henotmire , 90,097 , XShadalooX
781,: XinZBaiano , 90,049 , DARKNESS ガ
782,: Sushieew , 90,033 , Planewalker
783,: Haghata , None , None
784,: Jakaré , 90,020 , KAER MORHEN
785,: 7thi , 89,984 , Os Lordes B
786,: OtoSabor , 89,978 , XShadalooX
787,: SerafimJFS , 89,970 , The Borest
788,: lucasbdf , 89,969 , Os Lordes B
789,: Ty In Rabey , 89,962 , The Borest
790,: ViuvaKid , 89,929 , NoFarm
791,: Aurora Croft , 89,922 , Lótus Negra
792,: Pichukian , 89,912 , LegionSilver
793,: Namiziinh4 , 89,904 , KAER MORHEN
794,: PACOTINHO4 , 89,889 , None
795,: IDsNevesI , 89,844 , None
796,: Mehiell , 89,827 , Spirit Break
797,: Lupagoma , 89,820 , W AR R I ORS
798,: COBAIA007 , 89,793 , Lótus Negra
799,: ShokeWitch , 89,783 , None
800,: Eleck tra , 89,775 , ShokeWitch
801,: Dybela , 89,741 , Spirit Break
802,: Otsukaa , 89,724 , FrontL1neRx
803,: Ting159 , 89,617 , NoFarm
804,: DRYFULLS , 89,614 , KAER MORHEN
805,: PeJoTinha , 89,570 , Os Brothers
806,: vishvishkk , None , None
807,: anaard , 89,552 , ズ Ronin´S
808,: Luunastra , 89,489 , Planewalker
809,: Pandoriinha , 89,488 , FrontL1neRx
810,: JhonyLaTe , 89,479 , LegionGold
811,: Wynn4 , 89,478 , None
812,: Tekkomo Noku , 89,477 , None
813,: Espectos , 89,465 , LegionGold
814,: Saga51 , 89,452 , O Kran
815,: Halime Hatum , 89,451 , Tryhard유산3
816,: AlexCerberus , 89,441 , SPARTACXS
817,: XBlackNightX , 89,427 , Os Lordes B
818,: M4l3f1CA , 89,420 , O Kran
819,: Sózy , 89,411 , W AR R I ORS
820,: Yve Yi , 89,391 , Spirit Break
821,: Sant1nN , 89,375 , Os Lordes A
822,: BRsilvaBR , 89,373 , Tokkyo Manji
823,: xJhonLuffyx , 89,332 , LegionGold
824,: SD Shield , 89,304 , NoFarm
825,: Escanor7pcds , 89,280 , W AR R I ORS
826,: Ferre JP , 89,273 , Os Lordes A
827,: visionred , 89,255 , Mafia LA
828,: PatchPVP , 89,195 , KAER MORHEN
829,: Kenpsz , 89,163 , KingTheFarm
830,: Cariokesa , 89,142 , FrontL1neRx
831,: Alice Synth , 89,136 , TANGERIANOS
832,: ThundeRR47 , 89,133 , AlcatrAZ II
833,: Gicca , 89,129 , NoFarm
834,: VIDAURRE01 , 89,108 , SPARTACXS
835,: LadyKorteX02 , 89,020 , Mafia LA
836,: welston , 89,007 , Os Lordes B
837,: Bruno Hott , 89,003 , Spirit Break
838,: llDanaeEll , 88,977 , The Borest
839,: Torddek , 88,914 , SPARTACXS
840,: Velari , 88,903 , Planewalker
841,: TerryBoggard , 88,895 , Lótus Negra
842,: IagooMotta , 88,892 , KingTheFarm
843,: DreixcoX , 88,891 , LegionGold
844,: bereuz , 88,885 , Mafia LA
845,: RUKHUR , 88,875 , O Kran
846,: Tunick kun , 88,854 , Mafia LA
847,: KyuZix , 88,849 , Os Lordes B
848,: Hyngride , 88,790 , AlcatrAZ II
849,: LuxLefay , 88,757 , None
850,: kabadapeste , 88,713 , Lótus Negra
851,: Polyona , 88,676 , ズ Ronin´S
852,: Polyshake , 88,641 , LegionGold
853,: keinzyn , 88,638 , Os Lordes A
854,: Lordkado , 88,632 , The Borest
855,: cerveroo , 88,576 , Lordkado
856,: Starflash , 88,543 , KingTheFarm
857,: None , 88,537 , Starflash
858,: Gargu , 88,537 , FrontL1neRx
859,: Katayla , 88,526 , ズ Ronin´S
860,: KAFETÃO CRZ , 88,511 , NoFarm
861,: Rei亗Arthur , 88,501 , KAER MORHEN
862,: Tanya C , 88,485 , Mafia LA
863,: DIGOWSZ , 88,473 , ⓊⓃⒾⓄⓃ ⓁⒶⓉⒾⓃⒶ
864,: eGirl do 69 , 88,448 , LegionGold
865,: DakilarBR , 88,414 , Mafia LA
866,: ZeusJames13 , 88,409 , ShaÐows 影
867,: DIAANA22 , 88,381 , KAER MORHEN
868,: Twil , 88,367 , Mafia LA
869,: Flechante , 88,363 , NoFarm
870,: drequeven , 88,344 , mamacous
871,: Zensho , 88,325 , None
872,: kuetsiah , 88,315 , SPARTACXS
873,: P4LHAÇO , 88,313 , None
874,: SraKomako , 88,279 , W AR R I ORS
875,: IZANAGl , 88,272 , Lótus Negra
876,: Xisto Roxo , 88,207 , W AR R I ORS
877,: ComedorDeEx , 88,165 , ズ Ronin´S
878,: DhekkaFox , 88,161 , SPARTACXS
879,: 22Guerrero23 , 88,150 , LegionGold
880,: ANDRES93 , 88,135 , Mafia LA
881,: Bysguilla , 88,043 , PousoDaFênix
882,: é o Ashe , 88,038 , Lótus Negra
883,: Gipsy06 , 88,000 , FrontL1neRx
884,: ExJM , 87,947 , KingTheFarm
885,: Capetinha13 , 87,944 , Spirit Break
886,: NiiMusah , 87,915 , NoFarm
887,: Yõ , 87,912 , W AR R I ORS
888,: JoeLanbr , 87,886 , Os Lordes A
889,: Moz1kA , 87,857 , Spirit Break
890,: Mæýa , 87,824 , KAER MORHEN
891,: DocinhoSoc , 87,810 , SPARTACXS
892,: AMAP0LA , 87,810 , Mafia LA
893,: Yohdrak , 87,785 , Planewalker
894,: ProViiiiiiew , 87,785 , Spirit Break
895,: Valdemirinha , 87,779 , Tokkyo Manji
896,: FLAMEEH , 87,761 , Mafia LA
897,: Petruschky , 87,720 , DARKNESS ガ
898,: iNeooN , 87,717 , Golden Glory
899,: Kolfire , 87,713 , Tryhard유산3
900,: Mikaalateia , 87,701 , SPARTACXS
901,: GHZ Tytora , 87,691 , ズ Ronin´S
902,: llAnnell , 87,663 , FrontL1neRx
903,: RuBiaZinha , None , None
904,: DadJones , 87,656 , LegionGold
905,: Demonio69 , 87,645 , Os Lordes B
906,: RX15 , 87,641 , Mafia LA
907,: xJLx , 87,632 , Os Lordes A
908,: vksadan1 , 87,615 , Os Lordes A
909,: Shember , 87,604 , ⓊⓃⒾⓄⓃ ⓁⒶⓉⒾⓃⒶ
910,: zYuuTo , 87,600 , Spirit Break
911,: reidovale , 87,571 , PousoDaFênix
912,: Jacon Black , 87,538 , None
913,: KauBerto , 87,530 , None
914,: Merdinger , 87,513 , The Borest
915,: K P E T A , 87,442 , O Kran
916,: GG Bayonetta , 87,424 , BRAZILIANPW4
917,: Akasha7 , 87,386 , FrontL1neRx
918,: DR0G0MAN0 , 87,379 , None
919,: Maedo , 87,359 , Mafia LA
920,: TAquilesT , 87,351 , marrecosclub
921,: SmKArcher , 87,346 , Lótus Negra
922,: ceeLz , 87,342 , FrontL1neRx
923,: Lord Arthas , 87,341 , Spirit Break
924,: reebekaa , 87,339 , Os Lordes A
925,: miakalifhaaa , 87,325 , W AR R I ORS
926,: LDF Fenrir , 87,306 , LegionGold
927,: lRaposal , 87,302 , KAER MORHEN
928,: Jk2maga , 87,253 , WiNX CLUB I
929,: Susanibar14 , 87,227 , Lótus Negra
930,: F4RINH4 , 87,185 , Susanibar14
931,: Soco na boca , 87,165 , ズ Ronin´S
932,: None , 87,157 , Soco na boca
933,: Shaolera , 87,151 , LegionGold
934,: Jubxxx , 87,138 , Planewalker
935,: TrissMerigod , 87,121 , Os Lordes E
936,: Mega Dark , 87,113 , None
937,: Ravockk , 87,105 , The Borest
938,: VasHST , 87,092 , LegionGold
939,: MariaRosinha , 87,075 , None
940,: COOLWIZ , 87,057 , LegionSilver
941,: LEOluZ69 , 87,039 , NoFarm
942,: XPesadoX , 87,005 , AlcatrAZ II
943,: pegabot , 86,940 , Spirit Break
944,: ZéDoBar , 86,929 , NoFarm
945,: Ematria , 86,919 , None
946,: Leardini , 86,881 , None
947,: Onewmiie , 86,872 , LegionGold
948,: jdlx9 , None , None
949,: Danpitbull , 86,862 , None
950,: MonkeyDNego , 86,851 , None
951,: B0bbyz , 86,840 , Os Lordes B
952,: Pura Sangre , 86,840 , AlcatrAZ II
953,: pelango jr , 86,804 , None
954,: Killer211 , 86,761 , O Kran
955,: evecita , 86,721 , SPARTAC0S
956,: Bysguila , 86,706 , OsBonsII
957,: Acazin , 86,670 , PousoDaFênix
958,: Yazumina , 86,660 , KAER MORHEN
959,: Vladmir I , 86,626 , Yazumina
960,: Bruizerxd , 86,605 , The Borest
961,: deathwoman , 86,595 , The Borest
962,: syphr61 , 86,585 , NoFarm
963,: doku xaixang , 86,534 , Lótus Negra
964,: iBoaHanc0ck , 86,507 , AlcatrAZ II
965,: BielZx , 86,488 , KingTheFarm
966,: Krathur , 86,484 , ズ Ronin´S
967,: HILDEBRANDA , 86,455 , ズ Ronin´S
968,: Elyax , 86,444 , SPARTACXS
969,: Hespean , 86,366 , Lótus Negra
970,: None , 86,222 , Hespean
971,: O Quente , 86,195 , O Kran
972,: WolfBr1 , 86,193 , Os Lordes B
973,: M4RCELASFS , 86,171 , KingTheFarm
974,: philippaEIT , 86,144 , Lótus Negra
975,: Galbreg , 86,111 , None
976,: Bimak , 86,101 , W AR R I ORS
977,: quidelicia , 86,083 , ⓊⓃⒾⓄⓃ ⓁⒶⓉⒾⓃⒶ
978,: Alex Trader , 86,045 , ⓊⓃⒾⓄⓃ ⓁⒶⓉⒾⓃⒶ
979,: Rhaski , 86,038 , Right Way亀
980,: xXz3tsuu , 86,033 , FrontL1neRx
981,: Rayito Powa , 86,014 , LegionGold
982,: 4FUN BRANCO , 85,972 , LegionSilver
983,: Kakallis , 85,958 , None
984,: SkyzinhoRX , 85,901 , Spirit Break
985,: 666Mystic , 85,884 , Pai Ta Chat0
986,: Niieley , 85,881 , W AR R I ORS
987,: xZlatko , 85,858 , Mafia LA
988,: Leozex ツ , 85,844 , Golden Glory
989,: Fest GRM , 85,838 , Golden Glory
990,: Xefin , 85,834 , Mafia LA
991,: l KAMIKAZE l , 85,832 , None
992,: Blood Deamom , 85,782 , Right Way亀
993,: JullianneS2 , 85,774 , Amongita
994,: Brujiita , 85,767 , MONEY GANK
995,: Wenndyz , 85,763 , ズ Ronin´S
996,: Andrey1001 , 85,761 , Os Lordes A
997,: AllPortilho , 85,756 , Os Lordes B
998,: BRUXO FL4 , 85,729 , NoFarm
999,: Jho0w , 85,697 , SPARTACXS
1000,: Taudamid , 85,688 , Mafia LA
1001,: LadyDocinho , 85,683 , Lótus Negra
1002,: Vitoria WII , None , None
1003,: tupac1 , 85,675 , ズ Ronin´S
1004,: こみ しょうこ , 1,000 , Os Lordes A
